,id,age,education-num,hours-per-week,white,male,US,Y_2
count,16280.0,16280.0,16280.0,16280.0,16280.0,16280.0,16280.0,16280.0
mean,16286.900921375922,38.603808353808354,10.089557739557739,40.410012285012286,0.8526412776412776,0.6656019656019656,0.894103194103194,0.7547911547911548
std,9389.421853310794,13.672102306003227,2.570911204731404,12.311716484655859,0.3544740434446177,0.47179408810666545,0.3077149470595982,0.4302241703798827
min,5.0,17.0,1.0,1.0,0.0,0.0,0.0,0.0
25%,8169.5,28.0,9.0,40.0,1.0,0.0,1.0,1.0
50%,16267.5,37.0,10.0,40.0,1.0,1.0,1.0,1.0
75%,24458.25,48.0,12.0,45.0,1.0,1.0,1.0,1.0
max,32557.0,90.0,16.0,99.0,1.0,1.0,1.0,1.0
